article_id,post_id,poster_id,liker_id,like
65581670,3092348344,32281575,91941447,1
65581670,3092275049,228252766,228252766,1
65581670,3091960836,30123009,228252766,1
65581670,3091947534,31246304,91941447,1
65581670,3091936070,31246304,91941447,1
65581650,3092318166,143389305,70797098,1
65581650,3092318166,143389305,229636481,1
65581650,3092193376,229636481,70797098,1
65581650,3092193376,229636481,229636481,1
65581650,3092128992,143389305,229636481,1
65581650,3092021726,143389305,70797098,1
65581650,3092021726,143389305,229636481,1
65581550,3092439471,116356206,70253048,1
65581550,3092331233,99662817,97264878,1
65581550,3092047034,161798922,70253048,1
65581550,3091933249,161798922,97313807,1
65581550,3091933249,161798922,133374520,1
65581430,3091693397,107587388,136176637,1
65580880,3091925789,174034675,237808934,1
65580880,3091302143,64339947,98037776,1
65580880,3091302143,64339947,136245180,1
65580880,3091302143,64339947,174034675,1
65580880,3091302143,64339947,237808934,1
65580880,3091302056,123756487,98037776,1
65580880,3091302056,123756487,136245180,1
65580880,3091302056,123756487,139636134,1
65580880,3091302056,123756487,174034675,1
65580880,3091302056,123756487,237808934,1
65580880,3091298264,64339947,136245180,1
65580880,3091298264,64339947,237808934,1
65580880,3091286450,85689225,136245180,1
65580880,3091286450,85689225,150607941,1
65580880,3091286450,85689225,237808934,1
65580860,3090883342,229636481,70253048,1
65580860,3090883342,229636481,229636481,1
65580830,3090617542,229636481,229636481,1
65580830,3090537596,131072217,229636481,1
65580700,3090350968,133322085,120615681,1
65580680,3090954582,211938772,229636481,1
65580680,3090831059,183800265,139219129,1
65580680,3090756186,129768060,229636481,1
65580680,3090697407,211938772,139219129,1
65580680,3090697407,211938772,229636481,1
65580680,3090676693,237468946,229636481,1
65580680,3090561315,182093564,129768060,1
65580680,3090561315,182093564,237468946,1
65580680,3090469820,158914740,129768060,1
65580680,3090469820,158914740,139219129,1
65580680,3090447773,130897230,139219129,1
65580680,3090444242,81566741,139219129,1
65580680,3090444242,81566741,156357920,1
65580680,3090427554,237821798,229636481,1
65580680,3090399878,237821798,229636481,1
65580680,3090394116,123877799,202401942,1
65580680,3090367364,153674835,156357920,1
65580680,3090355110,123863075,111524972,1
65580680,3090343767,125769694,111524972,1
65580680,3090343767,125769694,139219129,1
65580680,3090343767,125769694,202401942,1
65580680,3090341130,151744913,151744913,1
65580680,3090341130,151744913,202401942,1
65580680,3090341130,151744913,229636481,1
65580680,3090335438,129768060,111524972,1
65580680,3090335438,129768060,139219129,1
65580680,3090335438,129768060,237468946,1
65580340,3090577212,227320272,143389305,1
65580340,3090384387,182498496,143389305,1
65580340,3090333368,182093564,9755254,1
65580340,3090287679,123731190,9755254,1
65580340,3090282016,137806887,60698484,1
65580340,3090244445,143389305,137806887,1
65580340,3090232942,132954791,52978745,1
65580340,3090232942,132954791,98525354,1
65579930,3090629599,97313807,137548790,1
65579930,3090282910,30123009,91941447,1
65579930,3090282910,30123009,97313807,1
65579930,3090281691,540256,91941447,1
65579930,3090281691,540256,100345582,1
65579930,3090281691,540256,137548790,1
65579930,3090281691,540256,184458605,1
65579930,3090258468,97313807,100345582,1
65579930,3090258468,97313807,137548790,1
65579930,3090257460,182093564,137548790,1
65579930,3090215634,97459552,161798922,1
65579930,3090139377,30123009,134393637,1
65579330,3088053453,213602405,92870595,1
65579240,3088926642,125769694,136176637,1
65579240,3088824054,121823170,100091398,1
65579240,3088818213,121823170,100091398,1
65579240,3088786620,236199229,237468946,1
65579240,3088752720,97313807,237468946,1
65579240,3088751661,106192024,237468946,1
65579240,3088740439,237468946,229636481,1
65579240,3088696252,30123009,136176637,1
65579240,3088696252,30123009,237468946,1
65579240,3088573985,106192024,136176637,1
65579240,3087947716,125769694,94517050,1
65579240,3087947716,125769694,131088016,1
65579240,3087947716,125769694,237468946,1
65579240,3087828400,121823170,100091398,1
65579240,3087828400,121823170,229636481,1
65579240,3087828400,121823170,236879123,1
65578700,3087288190,48481682,229636481,1
65578700,3086024590,237468946,229636481,1
65578700,3085773118,141324560,229636481,1
65578700,3085763172,32281575,229636481,1
65578700,3085763172,32281575,237468946,1
65578700,3085749714,123641341,70253048,1
65578700,3085749714,123641341,134393637,1
65578700,3085749714,123641341,229636481,1
65578700,3085726657,32281575,229636481,1
65578700,3085715709,123641341,229636481,1
65578700,3085713364,112416371,32281575,1
65578700,3085712409,123641341,70253048,1
65578700,3085712409,123641341,141324560,1
65578700,3085710925,112416371,32281575,1
65578700,3085710925,112416371,141324560,1
65578700,3085710925,112416371,229636481,1
65578700,3085710925,112416371,237468946,1
65578700,3085703465,123641341,70253048,1
65578700,3085703465,123641341,134393637,1
65578700,3085703465,123641341,229636481,1
65578700,3085699374,112416371,32281575,1
65578700,3085699374,112416371,237468946,1
65578700,3085688310,156216393,70253048,1
65578700,3085688310,156216393,152384563,1
65578700,3085688310,156216393,229636481,1
65578700,3085648475,121903948,152384563,1
65578700,3085638324,112416371,32281575,1
65578700,3085638324,112416371,141324560,1
65578700,3085638324,112416371,152384563,1
65578700,3085614990,94757607,152384563,1
65578430,3085502599,123731190,75768797,1
65578380,3088837095,229636481,229636481,1
65578380,3085991335,237711684,229636481,1
65577950,3085779941,229636481,229636481,1
65577950,3085698150,229636481,229636481,1
65577950,3085689855,229636481,229636481,1
65577950,3085684472,229636481,229636481,1
65577950,3085668783,229636481,229636481,1
65577950,3084934461,60698484,229636481,1
65577950,3084915045,188349544,60698484,1
65577950,3084915045,188349544,134706457,1
65577950,3084844766,188349544,229636481,1
65577950,3084742709,123890259,229636481,1
65577950,3084734263,118863518,229636481,1
65577950,3084715473,123890259,204650991,1
65577950,3084708531,124033019,60698484,1
65577950,3084708531,124033019,229636481,1
65577950,3084706998,124033019,60698484,1
65577950,3084706998,124033019,229636481,1
65577950,3084563914,102952876,123890259,1
65577470,3085733215,229636481,229636481,1
65577470,3085725948,229636481,70253048,1
65577470,3085725948,229636481,229636481,1
65577470,3085719115,229636481,139219129,1
65577470,3085719115,229636481,229636481,1
65577470,3085717845,229636481,229636481,1
65577470,3085689442,123641341,70253048,1
65577470,3085689442,123641341,139219129,1
65577470,3085689442,123641341,229636481,1
65577470,3085544156,146527032,229636481,1
65577470,3085542310,146527032,229636481,1
65577470,3085527512,146527032,70253048,1
65577470,3085527512,146527032,229636481,1
65577470,3085526385,70253048,123641341,1
65577470,3085526385,70253048,139219129,1
65577470,3085522621,32281575,146527032,1
65577470,3084923231,70253048,123641341,1
65577470,3084923231,70253048,139219129,1
65577470,3084892774,100793662,229636481,1
65577470,3084859452,227082311,70253048,1
65577470,3084776232,99662817,32281575,1
65577470,3084698064,91941447,70253048,1
65577470,3084698064,91941447,186365792,1
65577470,3084630451,227082311,70253048,1
65577470,3084509356,236199229,70253048,1
65577470,3084509356,236199229,227082311,1
65577470,3084410769,147206167,70253048,1
65577470,3084325552,131428713,32281575,1
65577470,3084325552,131428713,212596660,1
65577380,3086176808,229636481,229636481,1
65577330,3085523322,128145512,32281575,1
65577330,3084950203,52703033,32281575,1
65577330,3084858283,135533965,32281575,1
65577330,3084858283,135533965,52703033,1
65577330,3084637659,135864574,52703033,1
65577330,3084522439,135533965,32281575,1
65577330,3084265228,135864574,52703033,1
65577330,3084202243,131072217,32281575,1
65577310,3084980867,141049168,84136621,1
65577310,3084811614,147926938,141049168,1
65577310,3084305684,184458605,111386716,1
65577310,3084305684,184458605,139636134,1
65577310,3084305684,184458605,141049168,1
65577310,3084305684,184458605,157552804,1
65577310,3084305684,184458605,195564799,1
65577310,3084221184,84136621,141049168,1
65577310,3084211978,84136621,141049168,1
65577310,3084201447,153674835,129898878,1
65577310,3084201447,153674835,144536327,1
65577310,3084201447,153674835,156357920,1
65577310,3084192665,153674835,84136621,1
65577310,3084192665,153674835,111386716,1
65577310,3084192665,153674835,137806887,1
65577310,3084191092,102113073,141049168,1
65577310,3084191092,102113073,156216393,1
65577310,3084188008,125155974,98953956,1
65577310,3084168961,84136621,141049168,1
65577310,3084167407,182093564,98953956,1
65577310,3084167407,182093564,141049168,1
65577310,3084166719,100091398,141049168,1
65577310,3084162780,134001860,137806887,1
65577310,3084143442,84136621,111386716,1
65577310,3084143442,84136621,137806887,1
65577310,3084143442,84136621,141049168,1
65577310,3084133831,134001860,98953956,1
65577310,3084133831,134001860,100091398,1
65577310,3084094751,100091398,98953956,1
65576930,3088177103,160724430,237468946,1
65576930,3088106406,237868473,237468946,1
65576930,3088003007,127257818,237468946,1
65576930,3087979949,105121011,237468946,1
65576930,3083898708,97311476,237468946,1
65575840,3082943869,155528096,92870595,1
65575840,3082943869,155528096,135525949,1
65575840,3082943869,155528096,204650991,1
65575840,3082852313,135525949,100091398,1
65575880,3082569248,107587388,97264878,1
65575880,3082569248,107587388,206368707,1
65575880,3082569248,107587388,220100121,1
65575680,3082414341,227728555,100091398,1
65580920,3090946497,193514238,141324560,1
65580800,3091904106,123731190,97273976,1
65580800,3091636922,144563762,97273976,1
65580800,3091636922,144563762,139636134,1
65580800,3091054088,197467396,229413634,1
65580800,3090900216,130172811,52703033,1
65580800,3090900216,130172811,97273976,1
65580800,3090900216,130172811,139636134,1
65580800,3090900216,130172811,142858562,1
65580800,3090594956,236879123,97562441,1
65580800,3090551395,102113073,97273976,1
65580800,3090551395,102113073,97562441,1
65580800,3090551395,102113073,139636134,1
65580800,3090551395,102113073,236879123,1
65580800,3090531361,147206167,97273976,1
65580800,3090521900,172965592,97273976,1
65580800,3090521900,172965592,97562441,1
65580800,3090521900,172965592,137806887,1
65580800,3090521900,172965592,236879123,1
65580800,3090520473,120648372,97562441,1
65580800,3090520473,120648372,236879123,1
65580800,3090514940,141324560,97562441,1
65580800,3090514940,141324560,236879123,1
65580800,3090514436,107792219,97562441,1
65580800,3090514436,107792219,120648372,1
65580800,3090514436,107792219,236879123,1
65580300,3092290109,123641341,126226619,1
65580300,3091654239,73328744,238076943,1
65580300,3091471361,10766779,237468946,1
65580300,3090995992,237468946,238076943,1
65580300,3090956376,124526089,52703033,1
65580300,3090837915,229636481,229636481,1
65580300,3090833134,229636481,73328744,1
65580300,3090833134,229636481,160601707,1
65580300,3090833134,229636481,229636481,1
65580300,3090776236,124046209,229636481,1
65580300,3090774326,52978745,124526089,1
65580300,3090765947,238076943,238069335,1
65580300,3090763756,238076943,238069335,1
65580300,3090729894,238076943,238069335,1
65580300,3090727106,237468946,238069335,1
65580300,3090727106,237468946,238076943,1
65580300,3090675364,238069335,238076943,1
65580300,3090661363,124046209,229636481,1
65580300,3090617097,118296196,52978745,1
65580300,3090617097,118296196,123641341,1
65580300,3090617097,118296196,126226619,1
65580300,3090617097,118296196,129768060,1
65580300,3090608259,200658777,73328744,1
65580300,3090608259,200658777,97418674,1
65580300,3090608259,200658777,238076943,1
65580300,3090589658,229636481,67217522,1
65580300,3090589658,229636481,97418674,1
65580300,3090589658,229636481,229636481,1
65580300,3090588490,220271848,73328744,1
65580300,3090582356,194584300,229636481,1
65580300,3090580476,194584300,97418674,1
65580300,3090580476,194584300,229636481,1
65580300,3090580476,194584300,238076943,1
65580300,3090580405,97418674,238076943,1
65580300,3090576882,194584300,229636481,1
65580300,3090576882,194584300,238076943,1
65580300,3090570001,182093564,52978745,1
65580300,3090570001,182093564,57646493,1
65580300,3090570001,182093564,60698484,1
65580300,3090570001,182093564,131088016,1
65580300,3090524918,147206167,52978745,1
65580300,3090524918,147206167,56991286,1
65580300,3090524918,147206167,57646493,1
65580300,3090524918,147206167,60698484,1
65580300,3090510972,237031485,237468946,1
65580300,3090394529,124046209,56991286,1
65580010,3090892654,235944363,173718684,1
65580010,3090781779,155528096,110018921,1
65580010,3090592749,138395185,32281575,1
65580010,3090592749,138395185,174034675,1
65579900,3090217042,139636134,123731190,1
65579900,3089310870,107587388,123731190,1
65579900,3089310870,107587388,168762393,1
65579900,3089295893,181788763,99998581,1
65579900,3089186389,64608415,99998581,1
65579900,3089186389,64608415,107587388,1
65579900,3089186389,64608415,125769694,1
65579900,3089131912,155528096,125769694,1
65579900,3089124654,123739911,155742647,1
65579900,3089123570,172965592,125769694,1
65579900,3089112513,172965592,125769694,1
65579900,3089103232,107587388,155528096,1
65579900,3089099738,107587388,147489917,1
65579900,3089095469,107587388,147489917,1
65579900,3089053653,155528096,99998581,1
65579900,3089051923,123739911,155742647,1
65579900,3088978858,147926938,147489917,1
65579900,3088978858,147926938,155742647,1
65579900,3088943455,123150899,147489917,1
65579300,3089564296,125769694,52703033,1
65579300,3089167578,125769694,52703033,1
65579290,3090618409,123150899,135533965,1
65579290,3090471251,124526089,135533965,1
65579290,3088313112,135533965,98037776,1
65579290,3088313112,135533965,123150899,1
65579290,3087702651,227082311,52703033,1
65579290,3087695706,135533965,155528096,1
65579290,3087575099,135533965,123150899,1
65579290,3087520342,123150899,130172811,1
65579290,3087449055,135533965,123150899,1
65579290,3087449055,135533965,227082311,1
65578940,3088006268,107587388,141864063,1
65578940,3087977359,181106483,165068095,1
65578940,3087858284,107587388,141864063,1
65578940,3087857120,107587388,141864063,1
65578940,3087499347,144050919,165068095,1
65578940,3087499347,144050919,203996047,1
65578940,3087496031,78680882,99527961,1
65578940,3087496031,78680882,203996047,1
65578940,3087417739,100648011,203996047,1
65578940,3087365269,146869003,237468946,1
65578940,3087355908,117071872,155528096,1
65578940,3087353955,117071872,141864063,1
65578940,3087259924,237468946,229636481,1
65578940,3087255649,237468946,141864063,1
65578940,3086603985,183311369,105942080,1
65578940,3086603985,183311369,117071872,1
65578940,3086603985,183311369,165068095,1
65578940,3086498926,235925988,99527961,1
65578940,3086498926,235925988,100648011,1
65578940,3086498926,235925988,100793662,1
65578940,3086498926,235925988,144050919,1
65578940,3086498926,235925988,154018303,1
65578940,3086498926,235925988,165068095,1
65578940,3086498926,235925988,181788763,1
65578940,3086498926,235925988,203996047,1
65578940,3086498926,235925988,229636481,1
65578940,3086498926,235925988,237468946,1
65578940,3086473384,235925988,144050919,1
65578940,3086473384,235925988,165068095,1
65578940,3086473384,235925988,203996047,1
65578940,3086473384,235925988,237468946,1
65578940,3086394546,146869003,117071872,1
65578940,3086342944,209982995,99998581,1
65578940,3086342944,209982995,165068095,1
65578940,3086319562,181106483,99527961,1
65578940,3086319562,181106483,203996047,1
65578940,3086313827,128875848,154018303,1
65578940,3086313827,128875848,165068095,1
65578940,3086313827,128875848,229636481,1
65578940,3086313827,128875848,237468946,1
65578940,3086311517,209982995,165068095,1
65578940,3086307495,128875848,99527961,1
65578940,3086307495,128875848,100648011,1
65578940,3086307495,128875848,154018303,1
65578940,3086307495,128875848,165068095,1
65578940,3086307495,128875848,229636481,1
65578940,3086306177,181788763,117071872,1
65578940,3086306177,181788763,155528096,1
65578940,3086299707,181106483,99527961,1
65578940,3086299707,181106483,154018303,1
65578940,3086299707,181106483,165068095,1
65578940,3086299707,181106483,203996047,1
65578940,3086299707,181106483,229636481,1
65578940,3086291227,181106483,99527961,1
65578940,3086286399,128875848,154018303,1
65578940,3086286399,128875848,229636481,1
65578940,3086263842,128875848,99998581,1
65578940,3086263842,128875848,209982995,1
65578940,3086263842,128875848,229636481,1
65578940,3086251987,128875848,154018303,1
65578940,3086251987,128875848,229636481,1
65578940,3086234483,209982995,144050919,1
65578940,3086219945,82115368,146869003,1
65578940,3086219945,82115368,154018303,1
65578940,3086183001,181106483,155528096,1
65578940,3086183001,181106483,229636481,1
65578940,3086171563,209982995,144050919,1
65578940,3086171563,209982995,165068095,1
65578940,3086171563,209982995,229636481,1
65578940,3086164588,181106483,229636481,1
65578940,3086057779,60129655,91993910,1
65578940,3086057779,60129655,165068095,1
65578940,3086057779,60129655,229636481,1
65578940,3086034709,206259718,91993910,1
65578940,3086034709,206259718,155528096,1
65578940,3086034709,206259718,181788763,1
65578600,3085825794,97313807,237468946,1
65578600,3085750131,94757607,237468946,1
65578600,3085540554,147168513,237468946,1
65578490,3088336698,228112736,97273976,1
65578490,3087864375,107792219,97273976,1
65578490,3087749545,107792219,67677010,1
65578490,3087370596,123635048,97273976,1
65578490,3087314926,123029117,67677010,1
65578490,3086378433,67677010,123029117,1
65578490,3085836229,141733708,67677010,1
65578490,3085836229,141733708,70253048,1
65578490,3085816763,105942080,67677010,1
65578490,3085790080,107792219,105942080,1
65578490,3085787512,107792219,70253048,1
65578490,3085787512,107792219,100712229,1
65578490,3085787512,107792219,123029117,1
65578490,3085782759,107792219,70253048,1
65578490,3085782049,107792219,117071872,1
65578490,3085761279,97595786,67677010,1
65578490,3085761279,97595786,168762393,1
65578490,3085725144,237031485,105942080,1
65578490,3085725144,237031485,123029117,1
65578490,3085714692,107792219,123029117,1
65578490,3085677786,182093564,105942080,1
65578490,3085670325,124038499,105942080,1
65578490,3085659037,182093564,97567581,1
65578490,3085659037,182093564,124038499,1
65578490,3085641065,131107439,105942080,1
65578490,3085638093,97725806,105942080,1
65578490,3085632642,156216393,117071872,1
65578490,3085610459,115514180,97725806,1
65578490,3085605982,97273794,52978745,1
65578490,3085595778,52978745,97725806,1
65578490,3085583398,106192024,105942080,1
65578490,3085572447,139206567,55037126,1
65578490,3085568540,139206567,106192024,1
65578490,3085568540,139206567,131107439,1
65578490,3085568540,139206567,136176637,1
65578490,3085568540,139206567,150699717,1
65578490,3085568540,139206567,156216393,1
65578490,3085566867,105942080,52703033,1
65578490,3085565601,55037126,131107439,1
65578490,3085565601,55037126,139206567,1
65578490,3085563618,30123009,105942080,1
65578230,3085813435,97753669,123756940,1
65578230,3085792626,214268839,100091398,1
65578230,3085789965,123756940,97753669,1
65578230,3085787502,52978745,100091398,1
65578230,3085787502,52978745,123631405,1
65578230,3085787502,52978745,212596660,1
65578230,3085763908,124526089,97753669,1
65578230,3085732756,124526089,97753669,1
65578210,3086179296,97038181,91700475,1
65578210,3086179296,97038181,139219129,1
65578210,3085737756,124526089,106797478,1
65578210,3085737756,124526089,123433726,1
65578210,3085737756,124526089,123756940,1
65578210,3085590892,52978745,91700475,1
65578210,3085590113,54992728,91700475,1
65578210,3085590113,54992728,139219129,1
65578210,3085589638,52978745,67217522,1
65578210,3085585829,52978745,91700475,1
65578210,3085571809,172965592,32281575,1
65578210,3085567377,52978745,91700475,1
65578210,3085567117,97753669,172965592,1
65578210,3085558247,172965592,97753669,1
65578210,3085556419,30123009,91700475,1
65578210,3085556419,30123009,139219129,1
65578210,3085552626,52978745,91700475,1
65578210,3085552626,52978745,97038181,1
65578210,3085552626,52978745,139219129,1
65578210,3085551381,68031083,91700475,1
65578210,3085551381,68031083,139219129,1
65578210,3085542453,172965592,32281575,1
65578210,3085542453,172965592,97753669,1
65578210,3085529067,52978745,91700475,1
65578210,3085529067,52978745,139219129,1
65578210,3085527911,52978745,91700475,1
65578210,3085527911,52978745,139219129,1
65578210,3085527751,117180216,97753669,1
65578210,3085527751,117180216,106797478,1
65578210,3085527751,117180216,172965592,1
65578210,3085479675,220100121,91700475,1
65578210,3085458929,52978745,91700475,1
65578210,3085458929,52978745,139219129,1
65578210,3085458929,52978745,220100121,1
65577680,3084635128,193514238,133374520,1
65577540,3084770552,199268044,177407785,1
65577540,3084726447,97562441,199268044,1
65577540,3084583856,144050919,97562441,1
65577540,3084583856,144050919,177407785,1
65577540,3084583856,144050919,199268044,1
65577540,3084488157,96615635,97562441,1
65577390,3085237277,123641341,106192024,1
65577390,3084721204,220100121,123150899,1
65577390,3084721204,220100121,123887487,1
65577390,3084573486,94618727,237468946,1
65577390,3084400866,141864063,135864574,1
65577390,3084351581,137450407,237468946,1
65577220,3084026278,137450407,108458031,1
65577220,3084026278,137450407,131252501,1
65577010,3084039687,123641341,171721643,1
65577010,3083966610,30123009,170706280,1
65577010,3083966610,30123009,237468946,1
65577010,3083959682,124526089,135533965,1
65577010,3083959008,124526089,123641341,1
65577010,3083959008,124526089,123756940,1
65577010,3083959008,124526089,135533965,1
65577010,3083951466,32281575,135533965,1
65577010,3083951466,32281575,170706280,1
65577010,3083941072,220100121,170706280,1
65577010,3083933543,163890213,220100121,1
65577010,3083933539,183612978,170706280,1
65577010,3083932520,220100121,170706280,1
65577010,3083929389,32281575,123756940,1
65577010,3083929389,32281575,135533965,1
65577010,3083923934,220100121,170706280,1
65577010,3083918934,103414841,32281575,1
65577010,3083918934,103414841,170706280,1
65576640,3084197901,120648372,100963971,1
65576580,3084152088,147926938,125769694,1
65576580,3084076505,97009645,97753669,1
65576970,3083232067,32186397,73328744,1
65576970,3083232067,32186397,147489917,1
65576410,3084333752,107792219,111386716,1
65576410,3084333752,107792219,123890259,1
65576410,3084134603,152386151,111386716,1
65576410,3084059880,183867090,97753669,1
65576410,3084059215,133322085,97753669,1
65576410,3084038991,84136621,97753669,1
65576410,3084010992,84136621,97753669,1
65576410,3083979899,123731190,97753669,1
65576410,3083968148,84136621,97753669,1
65576410,3083945946,233807344,173718684,1
65576410,3083944577,139558068,67023017,1
65576410,3083944577,139558068,97753669,1
65576410,3083944577,139558068,173718684,1
65576410,3083943532,219859611,97753669,1
65576410,3083868546,30123009,136176637,1
65576410,3083847205,227489678,97753669,1
65576410,3083847205,227489678,123731190,1
65576410,3083847205,227489678,156357920,1
65576410,3083820821,106192024,97753669,1
65576410,3083820821,106192024,219859611,1
65576410,3083788648,237468946,100091398,1
65576410,3083765189,106192024,67023017,1
65576410,3083765189,106192024,97753669,1
65576410,3083765189,106192024,136176637,1
65576410,3083765189,106192024,156357920,1
65576410,3083765189,106192024,219859611,1
65576410,3083765189,106192024,233928465,1
65576410,3083331693,120113959,97753669,1
65576410,3083299982,60698484,52703033,1
65576410,3083299982,60698484,97753669,1
65576410,3083264877,32186397,73328744,1
65576410,3083264877,32186397,97753669,1
65576410,3083051214,52703033,60698484,1
65576410,3083051214,52703033,97753669,1
65576410,3083051214,52703033,108661112,1
65576410,3083051214,52703033,173718684,1
65576410,3083050031,101269427,100091398,1
65576410,3083043813,70557787,173718684,1
65576410,3083043813,70557787,227489678,1
65576410,3083031171,108661112,52703033,1
65576410,3083031171,108661112,156357920,1
65576410,3083031171,108661112,173718684,1
65576410,3083031171,108661112,227489678,1
65576410,3082911015,164794464,173718684,1
65576410,3082911015,164794464,173753805,1
65576410,3082887779,97753669,173753805,1
65576080,3083986254,52978745,93319337,1
65576080,3083986254,52978745,125769694,1
65576080,3083915935,183800265,52978745,1
65576080,3083915935,183800265,93319337,1
65576080,3083915935,183800265,120648372,1
65576080,3083893184,125769694,52978745,1
65576080,3083893184,125769694,93319337,1
65576080,3083893184,125769694,120648372,1
65576080,3083350785,149218807,93319337,1
65576080,3083143449,91993910,170706280,1
65576080,3083137602,91993910,149218807,1
65576080,3083119702,125769694,70557787,1
65576080,3083119702,125769694,81911731,1
65576080,3083119702,125769694,91993910,1
65576080,3083119702,125769694,133322085,1
65576080,3083119702,125769694,149218807,1
65576080,3083119702,125769694,203531028,1
65576080,3083118051,125769694,70557787,1
65576080,3083118051,125769694,91993910,1
65576080,3083118051,125769694,93319337,1
65576080,3083118051,125769694,120648372,1
65576080,3083118051,125769694,149218807,1
65576080,3083118051,125769694,170706280,1
65576080,3083091941,134143499,52703033,1
65576080,3083091941,134143499,146527032,1
65576080,3083049146,70557787,52703033,1
65576080,3083049146,70557787,73328744,1
65576080,3083049146,70557787,93319337,1
65576080,3083049146,70557787,125769694,1
65576080,3083049146,70557787,149218807,1
65576080,3083049146,70557787,170706280,1
65576080,3082918848,105121011,91993910,1
65576080,3082918848,105121011,125769694,1
65576080,3082918848,105121011,149218807,1
65576080,3082918848,105121011,170706280,1
65576080,3082918848,105121011,235859210,1
65576080,3082917139,235859210,91993910,1
65576080,3082917139,235859210,170706280,1
65576080,3082905995,235859210,91993910,1
65576080,3082905995,235859210,170706280,1
65576080,3082871539,133322085,56384067,1
65576080,3082871539,133322085,81911731,1
65576080,3082871539,133322085,149218807,1
65576080,3082856466,134143499,56384067,1
65576080,3082856466,134143499,91993910,1
65576080,3082779950,99407922,125769694,1
65576080,3082779950,99407922,137806887,1
65576080,3082779950,99407922,235859210,1
65576080,3082778741,147206167,170706280,1
65576070,3084012409,105942080,147489917,1
65576070,3084011939,105942080,147489917,1
65576070,3083928599,139636134,105942080,1
65576070,3083927829,139636134,105942080,1
65576070,3083925903,139636134,105942080,1
65576070,3083925903,139636134,147489917,1
65576070,3083890915,48481682,70253048,1
65576070,3083668961,147489917,105942080,1
65576070,3083668961,147489917,139636134,1
65576070,3083238034,227489678,139636134,1
65576070,3083138361,227489678,105942080,1
65576070,3082883665,237443357,52978745,1
65576070,3082850217,227489678,105942080,1
65576070,3082845372,227489678,105942080,1
65576070,3082804342,99407922,105942080,1
65576070,3082804342,99407922,139636134,1
65576070,3082751291,139970022,105942080,1
65576070,3082710890,62140306,52978745,1
65576070,3082710890,62140306,70253048,1
65576070,3082710890,62140306,100091398,1
65576070,3082710890,62140306,137450407,1
65576070,3082710890,62140306,139636134,1
65576070,3082710890,62140306,179425556,1
65576070,3082703068,76719775,62140306,1
65576070,3082703068,76719775,100091398,1
65576070,3082686050,48481682,62140306,1
65576070,3082686050,48481682,70253048,1
65576070,3082686050,48481682,100091398,1
65576070,3082677598,237443357,105942080,1
65575980,3083459049,200798663,171721643,1
65575750,3084601655,228581925,172965592,1
65575750,3083950134,91700475,91700475,1
65575750,3083920056,179500337,91700475,1
65575750,3083604168,159819027,172965592,1
65575750,3083332889,130897230,144536327,1
65575750,3083198229,171415352,91700475,1
65575750,3083198229,171415352,193632851,1
65575750,3083152163,100894070,91700475,1
65575750,3083152163,100894070,229413634,1
65575750,3083145615,220100121,31246304,1
65575750,3083145615,220100121,91700475,1
65575750,3083094825,220100121,31246304,1
65575750,3083094825,220100121,91700475,1
65575750,3083094825,220100121,100894070,1
65575750,3083015901,220100121,91700475,1
65575750,3083015901,220100121,100894070,1
65575750,3082959434,44577154,100894070,1
65575750,3082878874,126775023,100894070,1
65575750,3082878874,126775023,122165000,1
65575750,3082878874,126775023,155528096,1
65575750,3082861826,129898878,100894070,1
65575750,3082833353,151806655,91700475,1
65575750,3082833353,151806655,100894070,1
65575750,3082805308,235925988,31246304,1
65575750,3082805308,235925988,91700475,1
65575750,3082805308,235925988,100894070,1
65575750,3082805308,235925988,129898878,1
65575750,3082805308,235925988,173718684,1
65575750,3082805308,235925988,235925988,1
65575750,3082801811,220100121,100894070,1
65575750,3082747407,220100121,122165000,1
65575750,3082684966,123877799,122165000,1
65575750,3082684966,123877799,126775023,1
65575750,3082683835,220100121,120648372,1
65575750,3082656349,120648372,129898878,1
65575750,3082649441,144536327,129898878,1
65575750,3082637704,91700475,91700475,1
65575750,3082635056,201893358,44577154,1
65575750,3082605407,70557787,66954373,1
65575750,3082605407,70557787,120648372,1
65575750,3082593964,73328744,100894070,1
65575750,3082593964,73328744,120648372,1
65575750,3082593964,73328744,173718684,1
65575750,3082593846,112416371,228583311,1
65575750,3082588579,183800265,100894070,1
65575750,3082581523,123731190,141864063,1
65575750,3082578515,123863075,122165000,1
65575750,3082577960,123731190,141864063,1
65575750,3082576669,123731190,70557787,1
65575730,3082486989,131094436,118733863,1
65575730,3082474915,135533965,123641341,1
65575730,3082474915,135533965,123731190,1
65575730,3082474915,135533965,123756940,1
65575730,3082474915,135533965,191267028,1
65575730,3082468995,137450407,118733863,1
65575690,3082431290,97545356,123756940,1
65575690,3082409045,123756940,97545356,1
65575690,3082377093,237031485,123756940,1
65575690,3082376687,183800265,123756940,1
65575690,3082376687,183800265,237398783,1
65575520,3082651353,107792219,105942080,1
65575520,3082641176,133322085,105942080,1
65575520,3082615994,107792219,105942080,1
65575520,3082598473,130881407,73328744,1
65575520,3082575112,130881407,102588090,1
65575520,3082573562,130881407,73328744,1
65575520,3082368102,105942080,125155974,1
65575520,3082362354,105942080,73328744,1
65575520,3082346769,137806887,105942080,1
65575520,3082346769,137806887,125155974,1
65575520,3082341643,97480345,52978745,1
65575520,3082341643,97480345,73328744,1
65575520,3082341643,97480345,141324560,1
65575520,3082289572,32281575,105942080,1
65575520,3082287189,97313807,32281575,1
65575520,3082275210,125155974,105942080,1
65575520,3082275210,125155974,137806887,1
65575520,3082266688,125155974,137806887,1
65575520,3082266688,125155974,212596660,1
65575520,3082175983,141324560,70194207,1
65575520,3082175983,141324560,105942080,1
65575520,3082175983,141324560,125155974,1
65575520,3082175983,141324560,137806887,1
65575520,3082175983,141324560,153833217,1
65575520,3082175983,141324560,212596660,1
65575520,3082168219,48481682,153833217,1
65575520,3082168219,48481682,220912596,1
65575520,3082107867,103414841,100091398,1
65575520,3082107867,103414841,106192024,1
65575520,3082107867,103414841,125155974,1
65575280,3082940480,209929187,235859210,1
65575280,3082424234,138648994,209929187,1
65575280,3082424234,138648994,235859210,1
65575280,3082225206,129564558,209929187,1
65575280,3082225206,129564558,235859210,1
65575120,3082421535,147300248,161798922,1
65575120,3082319282,124628094,14202107,1
65575120,3082319282,124628094,124189327,1
65575120,3082319282,124628094,204224499,1
65575120,3082298774,97710331,124189327,1
65575120,3082298774,97710331,134143499,1
65575120,3082298774,97710331,135525949,1
65575120,3082260382,148206515,118617074,1
65575120,3082260382,148206515,124189327,1
65575120,3082260382,148206515,125011840,1
65575120,3082190463,147300248,97710331,1
65575120,3082190463,147300248,120648372,1
65581270,3092711203,236879123,237808934,1
65581270,3092629526,238225042,236879123,1
65581270,3092629526,238225042,237808934,1
65581270,3092606808,96615635,41826469,1
65581270,3092606808,96615635,236879123,1
65581270,3092606808,96615635,237808934,1
65581270,3092567090,161688019,41826469,1
65581270,3092567090,161688019,236879123,1
65581270,3092567090,161688019,237808934,1
65581270,3092558078,124038499,150039077,1
65581270,3092558078,124038499,161688019,1
65581270,3092558078,124038499,227489678,1
65581270,3092558078,124038499,236879123,1
65581270,3092558078,124038499,237808934,1
65581270,3092540407,131072217,236879123,1
65581270,3092540407,131072217,237808934,1
65581270,3092526649,227489678,41826469,1
65581270,3092526649,227489678,97299192,1
65581270,3092526649,227489678,150039077,1
65581270,3092526649,227489678,161688019,1
65581270,3092526649,227489678,227489678,1
65581270,3092526649,227489678,236879123,1
65581270,3092526649,227489678,237808934,1
65581270,3092521246,227489678,161688019,1
65581270,3092521246,227489678,227489678,1
65581270,3092521246,227489678,236879123,1
65581270,3092521246,227489678,237808934,1
65581270,3092495341,41826469,161688019,1
65581270,3092495341,41826469,236879123,1
65581270,3092495341,41826469,237808934,1
65581270,3092393770,200003760,105942080,1
65581270,3092393770,200003760,116356206,1
65581270,3092393770,200003760,150039077,1
65581270,3092393770,200003760,227489678,1
65581270,3092393770,200003760,236879123,1
65581270,3092393770,200003760,237808934,1
65581270,3092213017,156353874,105942080,1
65581270,3092213017,156353874,161688019,1
65581270,3092213017,156353874,236879123,1
65581270,3092213017,156353874,237808934,1
65581270,3092072960,102113073,105942080,1
65581270,3092072960,102113073,134818888,1
65581270,3092072960,102113073,236879123,1
65581270,3092072960,102113073,237808934,1
65581270,3092064976,105942080,236879123,1
65581270,3092064976,105942080,237808934,1
65581330,3093065258,144536327,164134605,1
65581330,3092326314,144536327,164134605,1
65581330,3092318435,144536327,164134605,1
65581330,3092315429,124526089,105942080,1
65581330,3092315429,124526089,213179725,1
65581330,3092308597,124526089,105942080,1
65581330,3092300387,227489678,105942080,1
65581330,3092298687,227489678,105942080,1
65581330,3092265716,144536327,164134605,1
65581330,3092130860,117180216,105942080,1
65581330,3092095402,124526089,105942080,1
65581330,3092095402,124526089,171721643,1
65581330,3092087119,155528096,67217522,1
65581330,3092085503,186390421,105942080,1
65581330,3092082008,186390421,105942080,1
65581330,3092077969,124526089,105942080,1
65581330,3092077969,124526089,171721643,1
65581330,3092077969,124526089,227489678,1
65581330,3092076890,124526089,105942080,1
65581330,3092073093,124526089,123731190,1
65581330,3092072437,141324560,164134605,1
65581330,3092071732,124526089,105942080,1
65581330,3092064688,182093564,168762393,1
65581330,3092064688,182093564,227489678,1
65581330,3092050850,141324560,164134605,1
65581330,3092026230,150209501,105942080,1
65581330,3092026230,150209501,227489678,1
65581330,3092023624,227489678,186390421,1
65581330,3092018137,227489678,105942080,1
65581330,3092018137,227489678,116356206,1
65581330,3092018137,227489678,168762393,1
65581330,3092018137,227489678,227489678,1
65581330,3092006196,144536327,141324560,1
65581330,3092006021,144536327,141324560,1
65581330,3092006021,144536327,164134605,1
65581330,3092002492,144536327,141324560,1
65581330,3092002492,144536327,164134605,1
65581330,3091993644,155251029,105942080,1
65581330,3091993644,155251029,124526089,1
65581330,3091993644,155251029,171721643,1
65581330,3091990579,107649161,164134605,1
65581330,3091972688,141324560,144536327,1
65581330,3091969979,227489678,52703033,1
65581330,3091969979,227489678,123731190,1
65581330,3091969979,227489678,227489678,1
65581330,3091955788,182093564,52703033,1
65581330,3091955788,182093564,219859611,1
65580930,3092740178,236879123,229413634,1
65580930,3092177000,134936455,236879123,1
65580930,3092153655,194874618,236879123,1
65580930,3092130513,155528096,194874618,1
65580930,3092130513,155528096,236879123,1
65580930,3092095746,155528096,125155974,1
65580930,3092095746,155528096,194874618,1
65580930,3092095746,155528096,236879123,1
65580930,3092095449,120648372,194874618,1
65580930,3092088295,120648372,194874618,1
65580930,3092084899,120648372,194874618,1
65580930,3092084899,120648372,236879123,1
65580930,3092072542,229413634,194874618,1
65580930,3092072542,229413634,236879123,1
65580930,3092068317,155528096,67217522,1
65580930,3092068317,155528096,125155974,1
65580930,3092068317,155528096,193632851,1
65580930,3092068317,155528096,229413634,1
65580930,3092068317,155528096,236879123,1
65580930,3092029345,120648372,194874618,1
65580930,3092029345,120648372,236879123,1
65580930,3092022863,120648372,194874618,1
65580930,3092022863,120648372,229413634,1
65580930,3092022863,120648372,236879123,1
65580930,3092020604,120648372,193632851,1
65580930,3092020604,120648372,194874618,1
65580930,3092020604,120648372,229413634,1
65580930,3092020604,120648372,236879123,1
65580930,3092003901,229413634,236879123,1
65580930,3091972477,229413634,236879123,1
65580930,3091939234,194874618,125155974,1
65580930,3091939234,194874618,164012747,1
65580930,3091939234,194874618,193632851,1
65580930,3091939234,194874618,236879123,1
65580930,3091900763,155528096,193632851,1
65580930,3091900763,155528096,236879123,1
65580930,3091879272,193632851,125155974,1
65580930,3091879272,193632851,236879123,1
65580930,3091841068,106192024,172965592,1
65580930,3091838852,106192024,172965592,1
65580930,3091835647,194874618,120648372,1
65580930,3091835647,194874618,125155974,1
65580930,3091835647,194874618,164012747,1
65580930,3091835647,194874618,193632851,1
65580930,3091835647,194874618,236879123,1
65580930,3091206193,133888425,193632851,1
65580930,3091206193,133888425,194874618,1
65580930,3091206193,133888425,236879123,1
65580930,3091195402,96998754,133888425,1
65580930,3091195402,96998754,194874618,1
65580930,3090963940,193632851,194874618,1
65580850,3090697996,116356206,97272827,1
65580850,3090587101,236879123,97272827,1
65579050,3092196685,229636481,229636481,1
65579050,3091308226,123756487,174034675,1
65580110,3089395151,168762393,171721643,1
65580110,3089136729,147206167,60698484,1
65580110,3089136729,147206167,70253048,1
65579890,3089329825,220100121,97618994,1
65579890,3089329825,220100121,120615681,1
65579890,3089329825,220100121,139219129,1
65579890,3089329825,220100121,173718684,1
65579890,3089100988,135919962,123150899,1
65579890,3089100988,135919962,139219129,1
65579890,3089100988,135919962,173718684,1
65579890,3089100988,135919962,220100121,1
65579890,3088918565,123150899,135919962,1
65579890,3088914176,147206167,73328744,1
65579890,3088914176,147206167,123150899,1
65579890,3088914176,147206167,135919962,1
65579890,3088914176,147206167,152386151,1
65579890,3088914176,147206167,173718684,1
65578870,3090691421,135533965,123150899,1
65579070,3089905955,73328744,32281575,1
65579070,3089095565,172965592,52703033,1
65579070,3089067251,133322085,52703033,1
65579070,3088901448,133322085,32281575,1
65579070,3088400224,155528096,150039077,1
65579070,3088400224,155528096,170536371,1
65579070,3088122398,168762393,52703033,1
65579070,3088122398,168762393,155528096,1
65579070,3088063941,235925988,73328744,1
65579070,3087960945,133322085,52703033,1
65579070,3087801569,227082311,135533965,1
65579070,3087782088,201893358,220100121,1
65579070,3087782088,201893358,236879123,1
65579310,3088226738,81911731,123150899,1
65579310,3088223323,81911731,123150899,1
65579310,3088222545,81911731,123150899,1
65579310,3088061954,137881645,81911731,1
65579310,3087827700,137881645,81911731,1
65579320,3088766429,151980067,141324560,1
65579320,3088099161,164794464,67217522,1
65579320,3087711095,100762698,129768060,1
65579260,3090223562,173587297,237808934,1
65579260,3090220919,173587297,237808934,1
65579260,3090218962,173587297,237808934,1
65579260,3089681400,151424957,237808934,1
65579260,3089034400,201725909,155528096,1
65579260,3089005115,124526089,147489917,1
65579260,3088755061,151424957,147489917,1
65579260,3088755061,151424957,237808934,1
65579260,3088749672,151424957,147489917,1
65579260,3088749672,151424957,237808934,1
65579260,3088748050,155528096,100793662,1
65579260,3088746747,151424957,147489917,1
65579260,3088746747,151424957,237808934,1
65579260,3088745317,61072051,196094777,1
65579260,3088743198,151424957,120648372,1
65579260,3088743198,151424957,237808934,1
65579260,3088740327,155528096,196094777,1
65579260,3088718874,147926938,237808934,1
65579260,3088616390,106192024,237808934,1
65579260,3088592660,106192024,237808934,1
65579260,3088381132,124526089,155528096,1
65579260,3088375702,124526089,106192024,1
65579260,3088375702,124526089,237808934,1
65579260,3088148927,168762393,155528096,1
65579260,3088040107,201725909,121153756,1
65579260,3088040107,201725909,155528096,1
65579260,3088012707,98852678,121153756,1
65579260,3088012707,98852678,155528096,1
65579210,3087370313,81911731,52703033,1
65579030,3086375445,97753669,148543963,1
65579030,3086375445,97753669,186390421,1
65579030,3086328716,123641341,97753669,1
65579030,3086328716,123641341,148543963,1
65578710,3085909275,120648372,177407785,1
65578710,3085742334,124526089,177407785,1
65578710,3085742334,124526089,191267028,1
65578630,3085866799,181106483,123150899,1
65578630,3085640341,229636481,229636481,1
65578630,3085594464,118863518,229636481,1
65578630,3085592319,118863518,229636481,1
65577340,3084183993,133322085,97710331,1
65577340,3084090006,124526089,97710331,1
65576950,3084125891,229636481,98037776,1
65576950,3084125891,229636481,229636481,1
65576950,3084102841,193632851,98037776,1
65576950,3084095967,121315647,98037776,1
65576950,3084095967,121315647,229636481,1
65576770,3085608536,126645605,104948600,1
65576770,3085137386,117180216,92787453,1
65576770,3084850182,48481682,146037658,1
65576770,3084577502,94618727,146037658,1
65576770,3084555337,151424957,126645605,1
65576770,3084555337,151424957,146037658,1
65576770,3084519573,97299192,146037658,1
65576770,3084426149,144536327,146037658,1
65576770,3084272679,114739813,146037658,1
65576770,3084115755,45917956,146037658,1
65576770,3084111236,233543254,97545356,1
65576770,3084109688,233543254,97545356,1
65576770,3084106722,233543254,45917956,1
65576770,3084106722,233543254,98852678,1
65576770,3084106722,233543254,146037658,1
65576770,3084071495,117180216,148543963,1
65576770,3084069159,117180216,148543963,1
65576770,3084010038,123641341,148543963,1
65576770,3083994696,123641341,148543963,1
65576770,3083994696,123641341,158023051,1
65576770,3083981409,97545356,68031083,1
65576770,3083958549,146037658,68031083,1
65576770,3083958549,146037658,144536327,1
65576770,3083911914,105121011,38746175,1
65576770,3083911914,105121011,68031083,1
65576770,3083911914,105121011,144536327,1
65576770,3083911914,105121011,146037658,1
65580750,3091945335,54992728,67217522,1
65580750,3091945335,54992728,173753805,1
65580750,3091944578,217315280,54992728,1
65580750,3091927193,172579313,52703033,1
65580750,3091927193,172579313,173753805,1
65580750,3091927193,172579313,235110622,1
65581930,3092242659,131088016,136176637,1
65581900,3092721487,164794464,73328744,1
65581900,3092721487,164794464,97618994,1
65581900,3092721487,164794464,100399723,1
65581900,3092721487,164794464,100762698,1
65581900,3092700518,168762393,195909706,1
65581900,3092520515,100762698,136061876,1
65581900,3092442079,114739813,29845162,1
65581900,3092439332,114739813,29845162,1
65581900,3092439332,114739813,70253048,1
65581900,3092439332,114739813,91941447,1
65581900,3092425681,195564799,123911621,1
65581900,3092422452,195564799,112416371,1
65581900,3092422452,195564799,114739813,1
65581900,3092422452,195564799,195909706,1
65581900,3092340711,144536327,195564799,1
65581900,3092267482,237821798,70253048,1
65581900,3092263748,182093564,70253048,1
65581900,3092262735,237821798,56703327,1
65581900,3092262735,237821798,70253048,1
65581900,3092262735,237821798,161798922,1
65581900,3092262735,237821798,173718684,1
65581900,3092260402,182093564,112416371,1
65581900,3092257270,144536327,56703327,1
65581900,3092253004,182093564,70253048,1
65581900,3092253004,182093564,123756940,1
65581900,3092248777,182093564,70253048,1
65581900,3092214044,168762393,91941447,1
65581900,3092190259,30123009,70253048,1
65581900,3092190259,30123009,91941447,1
65581900,3092190259,30123009,161798922,1
65581900,3092182094,182093564,141324560,1
65581900,3092143785,123756487,70253048,1
65581900,3092143785,123756487,91941447,1
65581900,3092143785,123756487,161798922,1
65581900,3092110484,168762393,70253048,1
65581900,3092110484,168762393,173718684,1
65581770,3091982511,98067926,97313807,1
65581770,3091953837,70253048,97313807,1
65581770,3091953837,70253048,141324560,1
65581770,3091953837,70253048,161798922,1
65581770,3091948512,124428426,141324560,1
65582100,3092497935,191267028,56991286,1
65582100,3092419085,141324560,154018303,1
65582100,3092419085,141324560,175918468,1
65581830,3093516428,106192024,139636134,1
65581830,3092531886,165439169,179425556,1
65581830,3092190463,106192024,171721643,1
65581830,3092108378,98392053,70194207,1
65581830,3092108378,98392053,100091398,1
65581830,3092108378,98392053,137450407,1
65581860,3092969165,237468946,141113457,1
65581860,3092629576,123150899,237468946,1
65581860,3092461505,124526089,165439169,1
65581860,3092403163,123150899,165439169,1
65581860,3092401348,146527032,165439169,1
65581860,3092261024,133322085,123150899,1
65581860,3092261024,133322085,165439169,1
65581860,3092210286,159521739,165439169,1
65581860,3092199898,124526089,165439169,1
65581860,3092199898,124526089,237468946,1
65581810,3092047825,81814662,105942080,1
65581810,3092047825,81814662,108388320,1
65581810,3092024577,98358731,105942080,1
65581810,3092024577,98358731,135533965,1
65582050,3092421960,164794464,135451662,1
65582050,3092421960,164794464,135919962,1
65582050,3092421960,164794464,164794464,1
65582050,3092421960,164794464,236879123,1
65581980,3092728190,164794464,164794464,1
65581980,3092728190,164794464,227082311,1
65581980,3092451241,200658777,229413634,1
65581980,3092307118,184458605,105278012,1
65581980,3092307118,184458605,125769694,1
65581980,3092307118,184458605,130172811,1
65581980,3092307118,184458605,172965592,1
65581980,3092236422,184458605,172965592,1
65581980,3092236422,184458605,195415771,1
65581980,3092236422,184458605,204355368,1
65582030,3092634730,123641341,202073280,1
65582030,3092594482,191142503,91941447,1
65582030,3092594482,191142503,168762393,1
65582030,3092419450,192069113,151744913,1
65582030,3092381431,144536327,91941447,1
65582030,3092348931,191142503,176674641,1
65582030,3092348056,125968095,91941447,1
65582030,3092318215,116356206,91941447,1
65582510,3093643924,141324560,229636481,1
65582510,3093633778,150039077,141324560,1
65582340,3092475412,195564799,229636481,1
65582640,3092771824,168762393,141864063,1
65582070,3092272953,179425556,118863518,1
65582350,3092984102,134936455,194874618,1
65582350,3092675703,236879123,229413634,1
65582310,3093673418,124526089,237808934,1
65582310,3093621005,135533965,237808934,1
65582310,3093616823,135533965,177407785,1
65582310,3093616823,135533965,237808934,1
65582310,3093387821,195909706,135533965,1
65582310,3093387821,195909706,237808934,1
65582310,3093174928,123641341,195909706,1
65582310,3093174928,123641341,237808934,1
65582310,3093168005,123641341,237808934,1
65582310,3093079526,168762393,135533965,1
65582310,3093079526,168762393,195909706,1
65582310,3093079526,168762393,237808934,1
65582310,3093041487,147926938,135533965,1
65582310,3093041487,147926938,177407785,1
65582310,3093041487,147926938,195909706,1
65582310,3093041487,147926938,237808934,1
65582310,3092975742,124526089,177407785,1
65582310,3092975742,124526089,237808934,1
65582310,3092972375,124526089,135533965,1
65582310,3092972375,124526089,195909706,1
65582310,3092972375,124526089,237808934,1
65582310,3092970309,124526089,135533965,1
65582310,3092970309,124526089,237808934,1
65582310,3092807111,40387418,237808934,1
65582310,3092804723,124526089,135533965,1
65582310,3092804723,124526089,237808934,1
65582310,3092757859,127257818,181953493,1
65582310,3092732061,123641341,237808934,1
65582310,3092697908,236879123,237808934,1
65582310,3092508543,124526089,135533965,1
65582310,3092508543,124526089,237808934,1
65582310,3092500610,123877504,135533965,1
65582310,3092500610,123877504,236879123,1
65582310,3092500610,123877504,237808934,1
65582360,3095421085,229636481,229636481,1
65582360,3095375062,135533965,118863518,1
65582360,3095328537,159521739,229636481,1
65582360,3095290727,135533965,229636481,1
65582360,3095208815,237468946,229636481,1
65582360,3095135439,147300248,229636481,1
65582360,3094855339,238391479,135533965,1
65582360,3094855339,238391479,159521739,1
65582360,3094641123,182061749,229636481,1
65582360,3094360191,237468946,229636481,1
65582360,3093971801,159521739,135533965,1
65582360,3093971801,159521739,229636481,1
65582360,3093971801,159521739,237468946,1
65583090,3093750539,125769694,146353368,1
65583090,3093734043,161688019,146353368,1
65583090,3093717212,139206567,125769694,1
65583090,3093710925,237031485,146353368,1
65583090,3093706812,237031485,146353368,1
65583090,3093705583,139206567,113409164,1
65583090,3093705583,139206567,125769694,1
65583090,3093705583,139206567,146353368,1
65583090,3093685844,139206567,97753669,1
65583090,3093685844,139206567,146353368,1
65583090,3093666922,237821798,146353368,1
65583090,3093630044,125769694,97753669,1
65583090,3093630044,125769694,139206567,1
65583090,3093630044,125769694,150699717,1
65583090,3093626811,106192024,97753669,1
65583090,3093626811,106192024,125769694,1
65583090,3093626811,106192024,139206567,1
65583090,3093626811,106192024,146353368,1
65583130,3093880816,229636481,229636481,1
65583130,3093777540,135533965,229636481,1
65583130,3093683342,135533965,229636481,1
65583130,3093644794,135533965,229636481,1
65583130,3093633718,104359930,172965592,1
65583120,3093704658,139206567,123150899,1
65583120,3093671517,70797098,123150899,1
65583120,3093671517,70797098,139206567,1
65583120,3093413556,123150899,70797098,1
65583120,3093413556,123150899,139206567,1
65583120,3093243608,123150899,139206567,1
65583120,3093216229,147489917,237808934,1
65583120,3093197885,147489917,237808934,1
65582830,3094179174,52978745,201746443,1
65582830,3094179174,52978745,212596660,1
65582830,3094176642,52978745,201746443,1
65582830,3094160021,52978745,201746443,1
65582830,3093998960,201725909,201746443,1
65582830,3093955630,212596660,201746443,1
65582830,3093902928,155742647,201746443,1
65582830,3093888686,176795186,201746443,1
65582830,3093859862,212596660,155742647,1
65582830,3093844336,98403645,134143499,1
65582830,3093823007,168762393,52978745,1
65582830,3093799892,130881407,155742647,1
65582830,3093799892,130881407,201746443,1
65582830,3093798076,130881407,201746443,1
65582830,3093796843,130881407,201746443,1
65582830,3093792591,130881407,52978745,1
65582830,3093792591,130881407,201725909,1
65582830,3093792591,130881407,201746443,1
65582830,3093791418,130881407,155742647,1
65582830,3093791418,130881407,176795186,1
65582830,3093791418,130881407,201746443,1
65582830,3093789802,201725909,130881407,1
65582830,3093763424,212596660,155742647,1
65582830,3093763424,212596660,201746443,1
65582830,3093738159,52978745,130881407,1
65582830,3093738159,52978745,201725909,1
65582830,3093738159,52978745,201746443,1
65582830,3093733723,52978745,155742647,1
65582830,3093733723,52978745,176795186,1
65582830,3093733723,52978745,201746443,1
65582830,3093670008,155742647,52978745,1
65582830,3093670008,155742647,67217522,1
65582830,3093670008,155742647,70194207,1
65582830,3093670008,155742647,125011840,1
65582830,3093670008,155742647,130881407,1
65582830,3093670008,155742647,131543123,1
65582830,3093670008,155742647,201746443,1
65582830,3093670008,155742647,212596660,1
65582830,3093649990,176795186,52978745,1
65582830,3093649990,176795186,130881407,1
65582830,3093649990,176795186,131543123,1
65582830,3093649990,176795186,155742647,1
65582830,3093649990,176795186,201746443,1
65582830,3093649990,176795186,212596660,1
65582830,3093645962,106192024,66954373,1
65582830,3093615722,100091398,31246304,1
65582830,3093615722,100091398,52978745,1
65582830,3093615722,100091398,130881407,1
65582830,3093615722,100091398,131543123,1
65582830,3093615722,100091398,201746443,1
65582830,3093572918,30123009,66954373,1
65582830,3093572918,30123009,106192024,1
65582780,3094921348,156214499,235200731,1
65582780,3093854796,208342425,235200731,1
65582780,3093606717,147168513,235200731,1
65582700,3093765017,229636481,91941447,1
65582700,3093765017,229636481,229636481,1
65582700,3093696424,217315280,91941447,1
65582700,3093696424,217315280,229636481,1
65583350,3093790708,135533965,60698484,1
65583350,3093778690,229636481,229636481,1
65583350,3093768366,168762393,60698484,1
65583350,3093712120,124033019,229636481,1
65583550,3095204568,106192024,123756940,1
65583550,3094818631,147489917,123756940,1
65583550,3094818631,147489917,135533965,1
65583550,3094780125,123756940,135533965,1
65583550,3094780125,123756940,147489917,1
65583550,3094767225,233406397,147489917,1
65583550,3094675458,135533965,147489917,1
65583550,3094453315,227489678,97753669,1
65583550,3094453315,227489678,117180216,1
65583550,3094453315,227489678,123756940,1
65583550,3094453315,227489678,135533965,1
65583550,3094453315,227489678,141324560,1
65583550,3094453315,227489678,147489917,1
65583550,3094441758,227489678,97753669,1
65583550,3094441758,227489678,135533965,1
65583550,3094441758,227489678,141324560,1
65583550,3094441758,227489678,147489917,1
65583550,3094255096,147926938,97753669,1
65583550,3094231331,233406397,227489678,1
65583550,3094231331,233406397,237808934,1
65583550,3094198452,123731190,227489678,1
65583550,3094198452,123731190,237808934,1
65583550,3094197961,123731190,135533965,1
65583550,3094197961,123731190,141324560,1
65583550,3094197961,123731190,227489678,1
65583550,3094197961,123731190,237808934,1
65583550,3094182979,184458605,97710331,1
65583550,3094182979,184458605,227489678,1
65583550,3094171649,139636134,184458605,1
65583550,3094171649,139636134,227489678,1
65583550,3094171649,139636134,237808934,1
65583550,3094170314,135533965,139636134,1
65583550,3094170314,135533965,172965592,1
65583550,3094170314,135533965,227489678,1
65583550,3094170314,135533965,237808934,1
65583550,3094167718,132954791,117180216,1
65583550,3094152891,139636134,237808934,1
65583550,3094149120,181418329,139636134,1
65583550,3094149120,181418329,237808934,1
65583550,3094140711,125769694,237808934,1
65583550,3094137759,124526089,237808934,1
65583550,3094115847,105942080,139636134,1
65583550,3094115847,105942080,184458605,1
65583550,3094115847,105942080,227489678,1
65583550,3094115847,105942080,237808934,1
65583550,3094096046,181418329,97753669,1
65583550,3094096046,181418329,105942080,1
65583550,3094096046,181418329,123731190,1
65583550,3094096046,181418329,135533965,1
65583550,3094096046,181418329,139636134,1
65583550,3094096046,181418329,141324560,1
65583550,3094096046,181418329,172965592,1
65583550,3094096046,181418329,184458605,1
65583550,3094096046,181418329,227489678,1
65583550,3094096046,181418329,237808934,1
65583550,3094074872,102113073,105942080,1
65583550,3094074872,102113073,227489678,1
65583550,3094068825,139636134,105942080,1
65583550,3094063633,52703033,97753669,1
65583550,3094063633,52703033,237808934,1
65583550,3094058745,221271745,184458605,1
65583550,3094058745,221271745,237808934,1
65583550,3094053377,139636134,111262515,1
65583550,3094053377,139636134,184458605,1
65583550,3094053377,139636134,237808934,1
65583550,3094048973,238317854,139636134,1
65583550,3094048973,238317854,184458605,1
65583550,3094043912,139636134,97710331,1
65583550,3094043912,139636134,237808934,1
65583550,3094038343,120648372,52703033,1
65583550,3094038343,120648372,97753669,1
65583550,3094038343,120648372,105942080,1
65583550,3094038343,120648372,139636134,1
65583550,3094038343,120648372,237808934,1
65583550,3093980019,139636134,237808934,1
65583550,3093954684,147926938,237808934,1
65583550,3093952712,147926938,135533965,1
65583550,3093952712,147926938,139636134,1
65583550,3093952712,147926938,237808934,1
65583550,3093951288,147926938,52703033,1
65583550,3093951288,147926938,105942080,1
65583550,3093951288,147926938,111262515,1
65583550,3093951288,147926938,120648372,1
65583550,3093951288,147926938,135533965,1
65583550,3093951288,147926938,184458605,1
65583550,3093951288,147926938,237808934,1
65583550,3093926598,139636134,98358194,1
65583550,3093926233,221271745,52703033,1
65583550,3093926233,221271745,54433585,1
65583550,3093926233,221271745,97753669,1
65583550,3093926233,221271745,105942080,1
65583550,3093926233,221271745,135533965,1
65583550,3093926233,221271745,139636134,1
65583550,3093926233,221271745,141324560,1
65583550,3093926233,221271745,184458605,1
65583550,3093926233,221271745,237808934,1
65583550,3093923038,139636134,52703033,1
65583550,3093923038,139636134,97753669,1
65583550,3093923038,139636134,111262515,1
65583550,3093923038,139636134,129768060,1
65583550,3093923038,139636134,135533965,1
65583550,3093923038,139636134,172965592,1
65583550,3093923038,139636134,184458605,1
65583550,3093923038,139636134,237808934,1
65583550,3093916295,129564558,97753669,1
65583550,3093909665,129564558,32281575,1
65583550,3093909665,129564558,97753669,1
65583550,3093909665,129564558,105942080,1
65583550,3093909665,129564558,139636134,1
65583550,3093909665,129564558,147489917,1
65583550,3093909665,129564558,237808934,1
65583550,3093909665,129564558,238317854,1
65583550,3093908865,147489917,97753669,1
65583550,3093908865,147489917,105942080,1
65583550,3093908865,147489917,111262515,1
65583550,3093908865,147489917,120648372,1
65583550,3093908865,147489917,135533965,1
65583550,3093908865,147489917,139636134,1
65583550,3093908865,147489917,172965592,1
65583550,3093908865,147489917,184458605,1
65583550,3093908862,129564558,184458605,1
65583550,3093906642,54433585,32281575,1
65583550,3093906642,54433585,97753669,1
65583550,3093906642,54433585,105942080,1
65583550,3093906642,54433585,139636134,1
65583550,3093906642,54433585,147489917,1
65583550,3093906642,54433585,184458605,1
65583550,3093888221,125769694,32281575,1
65583550,3093862714,129564558,105942080,1
65583550,3093862714,129564558,147489917,1
65583550,3093856297,129564558,105942080,1
65583550,3093856297,129564558,147489917,1
65583550,3093856297,129564558,213476861,1
65583550,3093856297,129564558,237808934,1
65583550,3093844690,147300248,105942080,1
65583550,3093844690,147300248,237808934,1
65583550,3093839799,125769694,213476861,1
65583550,3093831825,124526089,213476861,1
65583550,3093831339,147168513,213476861,1
65583550,3093816397,97753669,105942080,1
65583550,3093816397,97753669,123731190,1
65583550,3093816397,97753669,125769694,1
65583550,3093816397,97753669,135533965,1
65583550,3093816397,97753669,139636134,1
65583550,3093816397,97753669,147489917,1
65583550,3093816397,97753669,172965592,1
65583550,3093816397,97753669,184458605,1
65583550,3093816397,97753669,213476861,1
65583550,3093816397,97753669,237808934,1
65583550,3093806863,238317854,32281575,1
65583550,3093806863,238317854,97753669,1
65583550,3093806863,238317854,139636134,1
65583550,3093806863,238317854,213476861,1
65583550,3093806863,238317854,237808934,1
65583550,3093801849,1728421,135533965,1
65583550,3093801849,1728421,213476861,1
65583550,3093798113,135533965,123731190,1
65583550,3093798113,135533965,131088016,1
65583550,3093798113,135533965,139636134,1
65583550,3093798113,135533965,177264553,1
65583550,3093798113,135533965,213476861,1
65583550,3093798113,135533965,237808934,1
65583550,3093798113,135533965,238317854,1
65583550,3093796828,123656196,125769694,1
65583550,3093796828,123656196,131088016,1
65583550,3093796828,123656196,213476861,1
65583550,3093796828,123656196,238317854,1
65583550,3093792448,1728421,97753669,1
65583550,3093792448,1728421,117071872,1
65583550,3093792448,1728421,157552804,1
65583550,3093792448,1728421,213476861,1
65583550,3093792448,1728421,237808934,1
65583550,3093786674,117071872,97753669,1
65583550,3093786674,117071872,213476861,1
65583550,3093784209,129564558,1728421,1
65583550,3093784209,129564558,97753669,1
65583550,3093784209,129564558,98358194,1
65583550,3093784209,129564558,117071872,1
65583550,3093784209,129564558,125769694,1
65583550,3093784209,129564558,131088016,1
65583550,3093784209,129564558,135533965,1
65583550,3093784209,129564558,141324560,1
65583550,3093784209,129564558,177264553,1
65583550,3093784209,129564558,212643735,1
65583550,3093784209,129564558,213476861,1
65583550,3093784209,129564558,237808934,1
65583550,3093784209,129564558,238317854,1
65583550,3093775192,125769694,32281575,1
65583550,3093775192,125769694,97753669,1
65583550,3093775192,125769694,124526089,1
65583550,3093775192,125769694,131088016,1
65583550,3093775192,125769694,141324560,1
65583550,3093775192,125769694,172965592,1
65583550,3093775192,125769694,212643735,1
65583550,3093775192,125769694,213476861,1
65583550,3093775192,125769694,237808934,1
65583550,3093775192,125769694,238317854,1
65583450,3094653831,164794464,220100121,1
65583450,3094229134,98852678,540256,1
65583450,3094051987,540256,119186766,1
65583450,3093799917,97313807,76082246,1
65583450,3093799917,97313807,119186766,1
65583450,3093777886,56804710,76082246,1
65583450,3093769468,119186766,76082246,1
65583450,3093746498,540256,76082246,1
65583280,3095369648,130881407,100091398,1
65583280,3094312144,139568494,161688019,1
65583280,3094255624,133322085,105942080,1
65583280,3094081201,139636134,105942080,1
65583280,3094060721,139636134,105942080,1
65583280,3094060721,139636134,161688019,1
65583280,3093968963,161688019,105942080,1
65583280,3093916003,139636134,105942080,1
65583280,3093908805,182093564,100091398,1
65583280,3093908805,182093564,130881407,1
65583280,3093812840,130881407,100091398,1
65583280,3093811800,73457651,105942080,1
65583280,3093803431,130881407,173718684,1
65583280,3093762447,106192024,105942080,1
65583280,3093740175,106192024,105942080,1
65583280,3093729726,131072217,105942080,1
65583300,3093822930,124526089,177407785,1
65583300,3093701514,124526089,177407785,1
65583300,3093701514,124526089,237808934,1
65583300,3093641822,106192024,123756940,1
65583300,3093641822,106192024,141324560,1
65583300,3093641822,106192024,141832834,1
65583300,3093641822,106192024,161688019,1
65583300,3093641822,106192024,177407785,1
65583300,3093641822,106192024,237808934,1
65581960,3095681894,155528096,150039077,1
65581960,3094092881,135533965,188015498,1
65581960,3093864527,188015498,150039077,1
65581960,3093864527,188015498,200798663,1
65581960,3093862434,118296196,135533965,1
65581960,3093862434,118296196,172965592,1
65581960,3093730064,62140306,188015498,1
65581960,3093718304,62140306,188015498,1
65581960,3093718304,62140306,194300079,1
65581960,3093699243,97459552,194300079,1
65581960,3093688884,194304826,52703033,1
65583290,3095318145,130897230,133888425,1
65583290,3094906290,124526089,177407785,1
65583290,3094876339,66954373,177407785,1
65583290,3094600841,141049168,153589213,1
65583290,3094596009,141049168,66954373,1
65583290,3094569924,141049168,18354882,1
65583290,3094569924,141049168,153589213,1
65583290,3094481328,124526089,18354882,1
65583290,3094474387,124526089,141049168,1
65583290,3094456246,124526089,66954373,1
65583290,3094456246,124526089,141049168,1
65583290,3094456246,124526089,177407785,1
65583290,3094454257,124526089,66954373,1
65583290,3094454257,124526089,141049168,1
65583290,3094454257,124526089,177407785,1
65583290,3094453352,124526089,18354882,1
65583290,3094453352,124526089,66954373,1
65583290,3094453352,124526089,141049168,1
65583290,3094453352,124526089,177407785,1
65583290,3094382424,145809071,177407785,1
65583290,3094300031,196786572,66954373,1
65583290,3094208148,94295808,229636481,1
65583290,3094087964,94295808,141049168,1
65583290,3094025925,235853797,153589213,1
65583290,3094009199,172965592,18354882,1
65583290,3094009199,172965592,66954373,1
65583290,3094009199,172965592,177407785,1
65583290,3093896212,130897230,133888425,1
65583290,3093896212,130897230,153589213,1
65583290,3093844152,134143499,177407785,1
65583290,3093842592,134143499,226477911,1
65583290,3093822337,229636481,229636481,1
65583290,3093819821,145809071,66954373,1
65583290,3093819821,145809071,141049168,1
65583290,3093819821,145809071,177407785,1
65583290,3093784821,94295808,67023017,1
65583290,3093784821,94295808,141049168,1
65583290,3093784821,94295808,177407785,1
65583290,3093784821,94295808,229636481,1
65583290,3093715095,153589213,153589213,1
65583290,3093714776,191536188,173753805,1
65583290,3093704999,237422460,32281575,1
65583290,3093704999,237422460,66954373,1
65583290,3093704999,237422460,67023017,1
65583290,3093704999,237422460,134143499,1
65583290,3093704999,237422460,145809071,1
65583290,3093704999,237422460,177407785,1
65583290,3093704999,237422460,188015498,1
65583290,3093704687,94295808,67023017,1
65583290,3093704687,94295808,104948600,1
65583290,3093704687,94295808,116221803,1
65583290,3093704687,94295808,124526089,1
65583290,3093704687,94295808,134143499,1
65583290,3093704687,94295808,141049168,1
65583290,3093704687,94295808,145809071,1
65583290,3093704687,94295808,177407785,1
65583290,3093704394,76719775,229636481,1
65583290,3093702273,76719775,57720003,1
65583290,3093702273,76719775,229636481,1
65583290,3093700794,76719775,122165000,1
65583290,3093700794,76719775,229636481,1
65583290,3093685905,162774446,104948600,1
65583290,3093685905,162774446,116221803,1
65583290,3093685905,162774446,145809071,1
65583290,3093685905,162774446,177407785,1
65583290,3093669730,18047627,67023017,1
65583290,3093669730,18047627,123433726,1
65583290,3093669730,18047627,177407785,1
65583290,3093667343,32281575,2528429,1
65583290,3093667343,32281575,67023017,1
65583290,3093667343,32281575,123433726,1
65583290,3093667343,32281575,141049168,1
65583290,3093667343,32281575,162774446,1
65583290,3093667343,32281575,177407785,1
65583290,3093657232,141324560,153589213,1
65583290,3093638127,76719775,229636481,1
65583290,3093638127,76719775,235853797,1
